{
  "type": "createsifter:sifting",
  "ingredients": [
    {
      "item": "createsifter:brass_mesh"
    },
    {
      "item": "minecraft:gravel"
    }
  ],
  "processingTime": 500,
  "results": [
    {
      "chance": 0.15,
      "item": "create:crushed_copper_ore"
    },
    {
      "chance": 0.1,
      "item": "create:crushed_zinc_ore"
    },
    {
      "chance": 0.2,
      "item": "create:crushed_iron_ore"
    },
    {
      "chance": 0.15,
      "item": "create:crushed_gold_ore"
    },
    {
      "chance": 0.2,
      "item": "minecraft:lapis_lazuli"
    },
    {
      "chance": 0.25,
      "item": "minecraft:coal"
    },
    {
      "chance": 0.05,
      "item": "minecraft:flint"
    },
    {
      "chance": 0.15,
      "item": "create:experience_nugget"
    },
    {"chance": 0.01, "item": "minecraft:amethyst_shard"}
  ]
}