{
    "name": "Create on a Potato PC:",
    "subtitle": "Sky Edition v. 1.19.2-0.6.1",
    "version": 0,
    "landing_text": "$(playername), You have landed on Potato Island. Believe it or not, everything you need to progress to the Nether and End is here on this tiny island. Some resources are very precious-gollum, so be thoughtful and not hasty.",
    "model": "patchouli:book_blue",
    "book_texture": "patchouli:textures/gui/book_blue.png",
    "show_progress": false,
    "pause_game": true
} 