{
  "version": "1.19.1-1.5.2",
  "prevVersion": "none",
  "generatedBy": "cdc2f617-e78e-4932-8626-717e52e448e9",
  "hashes": {
    "Default/options.txt": "5DC3C83F79E6A12BE46A9FA294473C6A",
    "Default/fancymenu/customizablemenus.txt": "72F1C8D025B815C130AA6495D897DD2D",
    "Default/fancymenu/assets/buttons/tumblr.png": "93DD31746D5B108B6103B66F36B99C16",
    "Default/fancymenu/assets/background.png": "29FBF041CBF1292611F2885FAF20BF62",
    "Default/servers.dat": "8AA23F08B59CC4ACCEDAB30585FB822E",
    "Default/fancymenu/assets/oneblockbutton.png": "57A3AF5353A28154E0EE1E4CE72DF5B8",
    "Default/keys.txt": "99A27C918F477A516BD99E5A8288BEE8",
    "Default/fancymenu/assets/buttons/accessibilityh.png": "85E34F207A3F10C73DE401BD156F4676",
    "Default/fancymenu/assets/buttons/accessibility.png": "42CAD1B05CE95452F4CFEEF36ED857C1",
    "Default/fancymenu/customization/createworld.txt": "3AECC64AB2C6E790E50723CB999223C2",
    "Default/bcc-common.toml": "1DC233D4C865A49ED7C132B858D9B1C6",
    "Default/drippyloadingscreen/config.cfg": "BE628453C681DC8D44C9470BC33E078D",
    "Default/fancymenu/assets/buttons/sp.png": "6EBBA0D8A4A9AFE91DF4597CD5CB4DA5",
    "Default/xaerominimap_entities.json": "34D9BFC8A9D658550E5CC3DF8B26D570",
    "Default/ftbquests/quests/chapters/storage.snbt": "FA1F96B72908BE439B6730C88CF7B9DA",
    "Default/ftbquests/quests/chapters/hunter.snbt": "E4EE9CCA9621BB664C5073CDF5BDEE5D",
    "Default/ftbquests/quests/chapters/fromthedarkness.snbt": "171881AD1EDF48B0AD4C608FB8BAC605",
    "Default/skyblockbuilder/starter_item.json": "F2610666BA8428BC2E5D4303396DD23F",
    "Default/skyblockbuilder/templates/icons/default.png": "E3EFBE035FCE340AEE447878A51D2F67",
    "Default/fancymenu/assets/overlay.png": "B638C49A4FDDFEBBCA6C9B70E1DAF32C",
    "Default/fancymenu/assets/potato.png": "12060EED65CEEB62983A36A3B6CF841F",
    "Default/fancymenu/assets/cm_avatar_transparent_200x200.png": "6258BD5F555346A370CDC7CC2E65FFDE",
    "Default/skyblockbuilder/data/dimensions.txt": "10D6FFF13FB19BE912FE2FC77A8E638C",
    "Default/fancymenu/assets/buttons/oneblock.png": "017B95E99C910AE624BCCAE02D402E2E",
    "Default/fancymenu/assets/buttons/language.png": "6A4F26E15267AF9AFB13C53CB15D7229",
    "Default/fancymenu/config.txt": "A80FCF8FF0F7B8232D332237A2BFB2C3",
    "Default/fancymenu/assets/buttons/options.png": "A96863DB6F19E8DC53DE7A81B5203F6B",
    "Default/fancymenu/assets/buttons/oneblockh.png": "7BB8934119C2CC138CB895134581F3E2",
    "Default/fancymenu/assets/buttons/oneblockfeaturingh.png": "16F630F416E0160BFBA914F983CD333E",
    "Default/ftbquests/quests/chapters/create.snbt": "58714E71E93579AB88F361B6A240251A",
    "Default/ftbquests/quests/chapter_groups.snbt": "63832CE1C1742E9421549B11729DD841",
    "Default/fancymenu/assets/buttons/twitter.png": "F0FE9134BBBB1D531E1B6A6FB179B984",
    "Default/squatgrow-common.yaml": "BED4026E612C71D373C349611B42DC53",
    "Default/skyblockbuilder/templates/icon/potatoisland.png": "E3EFBE035FCE340AEE447878A51D2F67",
    "Default/skyblockbuilder/templates.json5": "E1E9574684BEEBB3A8C1D358776BDEB6",
    "Default/fancymenu/assets/buttons/discordh.png": "71CB4F884B1D0AA2E384CBAA7D3EF4DF",
    "Default/fancymenu/minecraftwindow/icons/icon16x16.png": "A6E2D934C19CD127DC6E8A3AC7686506",
    "Default/skyblockbuilder/templates/icon/default.png": "E3EFBE035FCE340AEE447878A51D2F67",
    "Default/NoChatReports/NCR-ServerWhitelist.json": "3E4BC68148CB16715D7D88118EE4DFE3",
    "Default/fancymenu/minecraftwindow/icons/icon32x32.png": "837FD9CBF05DD199A4F33B25618D3551",
    "Default/defaultworldtype/world-types.txt": "7F203CF71560A0793A7EC1689656C105",
    "Default/NoChatReports/NCR-Client.json": "F33659B957F2288EEDFC2A38D63D6B41",
    "Default/NoChatReports/NCR-Encryption.json": "6DE2D05B17F062ECC2681AA9008D761E",
    "Default/theoneprobe-client.toml": "1A4F8F349E94BA7DA54243BEC0A9D88B",
    "Default/fancymenu/assets/logo.png": "FC1E44F892014D304A81440AFA911509",
    "Default/fancymenu/assets/buttons/tumblrh.png": "46A4D696CC67D1CFAFA4C8F3CC49D153",
    "Default/bhmenu-client.toml": "7298A6020150116D9B809972F2D55FFE",
    "Default/fancymenu/assets/buttons/quit.png": "AB8EA2D9564BEF29EABA6A5F83FA8D50",
    "Default/fancymenu/assets/buttons/modsh.png": "A57EBA2AE06CC30B1E04B35375220D6C",
    "Default/fancymenu/assets/buttons/mods.png": "6B413D072E6B50308D7716138779CC2A",
    "Default/drippyloadingscreen/customization/.disabled/splash_screen.dllayout": "4F5C1D30041337C22425CB334376AF29",
    "Default/fancymenu/assets/buttons/gamerroith.png": "F28B2F00EB34CF8332D8DECB07B96A2A",
    "Default/fancymenu/assets/buttons/supporth.png": "39E17352632204FFAB4F01AFE6E02541",
    "Default/skyblockbuilder/data/features.txt": "227DAC1443B0BD478D598A918CB28BFB",
    "Default/fancymenu/locals/pt_br.local": "9A91316E7C6E61A7A1E0874F34F77482",
    "Default/fancymenu/menu_identifiers.db": "7EA7268DB5D58F0ED6B4FFE8BEC943B9",
    "Default/xaerominimap.txt": "0F38B38EABAA8D81DA59949D98B43ADB",
    "Default/fancymenu/assets/buttons/support.png": "EE6C54A6896ECB27C659C5AF192C2F46",
    "Default/fancymenu/assets/buttons/twitterh.png": "01F1837897634E451077253CA8920151",
    "Default/drippyloadingscreen/customization/.disabled/drippy_onblock.dllayout": "F3215320A86B2176BFFD69507D7D5292",
    "Default/skyblockbuilder/data/carvers.txt": "8CF42B398CC670CAB2674C1608B86C6B",
    "Default/fancymenu/assets/buttons/mp.png": "D936C0584E7A613B4C12C684915AEC55",
    "Default/ftbquests/quests/reward_tables/tools.snbt": "A93C557E48E5B1B9B04B799F7DE2AF39",
    "Default/fancymenu/assets/buttons/gamerroit.png": "467AF278CC238BCFCA1AA6F625C075D7",
    "Default/fancymenu/assets/pc.png": "6C11A44218B7DCB69BE62B307CC76038",
    "Default/defaultworldtype/client-config.toml": "50E753874FE3D87C6119BC0939752FE5",
    "Default/fancymenu/locals/pl_pl.local": "22C68AFAB02C97F21832B904A5E4413C",
    "Default/fancymenu/assets/buttons/quith.png": "5BB8E05867693903CDF663EC3EB2771E",
    "Default/drippyloadingscreen/customization/drippy_splash.dllayout": "B737C9DE056C1E5A168568DE8E5A1984",
    "Default/fancymenu/user_variables.db": "EEC0F310CAF96DAA823C26B23CDC031A",
    "Default/drippyloadingscreen/locals/en_us.local": "BB4AF6F5185363517A9D02C8EE44BA82",
    "Default/fancymenu/customization/CoP_Menu.txt": "665742022AA40ABE15BBC5433A655111",
    "Default/fancymenu/assets/buttons/languageh.png": "93ED0FC59B92EF41C5A1062DA40DC706",
    "Default/ftbquests/quests/chapters/farmer.snbt": "1D8A003570FAA02E58645888C544DB73",
    "Default/skyblockbuilder/common-config.json5": "A4329DCEE1C5803E48F1BAD1BFBC4AFC",
    "Default/fancymenu/assets/buttons/optionsh.png": "92C33AF90A35532EFE77BEA356BF7007",
    "Default/fancymenu/assets/buttons/oneblockfeaturing.png": "E517D49A0D143F400C154FED712CB14D",
    "Default/fancymenu/assets/buttons/cf.png": "01A1A688A1C322694B06F08A3F32614D",
    "Default/fancymenu/assets/buttons/affiliateh.png": "BDD395B9EFCBE2CABCCB6C7B4EF96783",
    "Default/skyblockbuilder/data/structures.txt": "74E85DA068ACAD1C18963D23E430853B",
    "Default/fancymenu/assets/buttons/cfh.png": "BC9C74608EAB9E75B492CA484AAC3040",
    "Default/fancymenu/locals/en_us.local": "25EF57036038953FB99F5D8F2D194B5E",
    "Default/fancymenu/locals/zh_cn.local": "20A74FBF1560DEF5E5528B78FB30FBFE",
    "Default/fancymenu/customization/.disabled/cop_menu_onblock.txt": "BB05298D11D64270D183B1D2E4343276",
    "Default/NoChatReports/README.md": "964A995C80AA43CC34D780276A65B898",
    "Default/fancymenu/assets/buttons/discord.png": "628C7E4BFF9BD8DDD5F5C28C8233F7E3",
    "Default/skyblockbuilder/templates/icons/potato island.png": "E3EFBE035FCE340AEE447878A51D2F67",
    "Default/skyblockbuilder/data/biomes.txt": "37CBFFC3870BAC37D1E0DCEAF40BAA55",
    "Default/fancymenu/assets/oneblockbuttonh.png": "E2A515252F1E3017C2FCBCED3E575AFC",
    "Default/fancymenu/assets/buttons/affiliate.png": "80F013F1C11E23817034295E203C31A8",
    "Default/skyblockbuilder/templates/potatoisland.nbt": "806D213A82AC9E8FD181C12406760255",
    "Default/fancymenu/assets/oneblocklogo.png": "25E9B0D9566880C29F615D0091FDDB43",
    "Default/ftbquests/quests/data.snbt": "391BC9ED897A036909F3785189AB1FC1",
    "Default/ftbquests/quests/chapters/armortoolsweapons.snbt": "5C0B14EA939728A713A60DEE28F74E83",
    "Default/NoChatReports/NCR-Common.json": "8269DC0B1A35EF73F5F8D73CCCCEB9F0",
    "Default/skyblockbuilder/templates/icons/icon.png": "E3EFBE035FCE340AEE447878A51D2F67",
    "Default/fancymenu/assets/buttons/sph.png": "A818D4C0BD901B3217000E3A8DB466CD",
    "Default/skyblockbuilder/templates/icon/icon.png": "E3EFBE035FCE340AEE447878A51D2F67",
    "Default/fancymenu/assets/buttons/mph.png": "3F2147760F891F01B76A39686244CEC8",
    "Default/theoneprobe-common.toml": "7C465E3F75F3993C275618B720C220E5",
    "Default/fancymenu/locals/de_de.local": "F43E602ABC1B3081611A3EE39EFA0BDD"
  },
  "mainProfile": "Default",
  "initially_created": "19.01.2023 07:13:35"
}