{
  "type": "createsifter:sifting",
  "ingredients": [
    {
      "item": "createsifter:andesite_mesh"
    },
    {
      "item": "minecraft:gravel"
    }
  ],
  "processingTime": 500,
  "results": [
    {"item": "minecraft:glow_lichen", "chance": 0.01},
    {"item": "minecraft:cactus", "chance": 0.05},
    {"item": "minecraft:dirt", "chance": 0.4},
    {"item": "minecraft:podzol", "chance": 0.1},
    {"item": "minecraft:mycelium", "chance": 0.01},
    {"item": "minecraft:sand", "chance": 0.1}
  ]
}