{
  "type": "createsifter:sifting",
  "ingredients": [
    {
      "item": "createsifter:zinc_mesh"
    },
    {
      "item": "minecraft:gravel"
    }
  ],
  "processingTime": 500,
  "results": [
    {
      "chance": 0.15,
      "item": "create:copper_nugget"
    },
    {
      "chance": 0.1,
      "item": "create:zinc_nugget"
    },
    {
      "chance": 0.2,
      "item": "minecraft:iron_nugget"
    },
    {
      "chance": 0.15,
      "item": "minecraft:gold_nugget"
    },
    {
      "chance": 0.2,
      "item": "minecraft:coal"
    },
    {
      "chance": 0.1,
      "item": "minecraft:lapis_lazuli"
    },
    {
      "chance": 0.1,
      "item": "minecraft:flint"
    },
    {
      "chance": 0.1,
      "item": "create:experience_nugget"
    },
    {"item": "minecraft:bee_nest","chance": 0.01},
    {"item": "minecraft:snowball", "chance": 0.05}
  ]
}